"","Human","Chimp","Orangutan","age"
"MIR",TRUE,TRUE,TRUE,"old"
"L1MB1",TRUE,TRUE,TRUE,"old"
"L1ME1",TRUE,TRUE,TRUE,"old"
"L2a",TRUE,TRUE,TRUE,"old"
"AluSx",TRUE,TRUE,TRUE,"old"
"AluY",TRUE,TRUE,TRUE,"old"
"L1M5",TRUE,TRUE,TRUE,"old"
"AluSz",TRUE,TRUE,FALSE,"old"
"L1MA9",TRUE,TRUE,TRUE,"old"
"L3b",TRUE,TRUE,TRUE,"old"
"L1MCb",TRUE,TRUE,TRUE,"old"
"LTR86A1",TRUE,FALSE,TRUE,"old"
"MIRb",TRUE,TRUE,TRUE,"old"
"L1MEc",TRUE,TRUE,TRUE,"old"
"L2c",TRUE,TRUE,TRUE,"old"
"L3",TRUE,TRUE,TRUE,"old"
"AluSx3",TRUE,TRUE,FALSE,"old"
"MER5A1",TRUE,TRUE,TRUE,"old"
"L1MD",TRUE,TRUE,TRUE,"old"
"MER46C",TRUE,TRUE,TRUE,"old"
"L1MEg",TRUE,TRUE,TRUE,"old"
"AluJb",TRUE,TRUE,TRUE,"old"
"L1ME3C",TRUE,TRUE,FALSE,"old"
"AluJr",TRUE,TRUE,FALSE,"old"
"MIRc",TRUE,TRUE,TRUE,"old"
"AluSx1",TRUE,TRUE,FALSE,"old"
"L1MA4",TRUE,TRUE,TRUE,"old"
"AluSz6",TRUE,TRUE,FALSE,"old"
"MER5A",TRUE,TRUE,TRUE,"old"
"Tigger1",TRUE,TRUE,TRUE,"old"
"L1MA6",TRUE,TRUE,TRUE,"old"
"MADE1",TRUE,TRUE,TRUE,"young"
"MER90a",TRUE,TRUE,TRUE,"old"
"L1PA10",TRUE,TRUE,TRUE,"old"
"MER4B",TRUE,TRUE,TRUE,"old"
"L1M7",TRUE,TRUE,TRUE,"old"
"L1M4b",TRUE,TRUE,TRUE,"old"
"L1ME4a",TRUE,TRUE,TRUE,"old"
"L2b",TRUE,TRUE,TRUE,"old"
"L4",TRUE,FALSE,TRUE,"old"
"L1MEe",TRUE,FALSE,TRUE,"old"
"L2",TRUE,TRUE,TRUE,"old"
"AluJo",TRUE,TRUE,TRUE,"old"
"L1M4",TRUE,TRUE,TRUE,"old"
"L1MC1",TRUE,TRUE,TRUE,"old"
"L1MC4",TRUE,TRUE,TRUE,"old"
"L1PA8",TRUE,TRUE,TRUE,"old"
"L1MC4a",TRUE,TRUE,TRUE,"old"
"HAL1",TRUE,TRUE,TRUE,"old"
"L1MEf",TRUE,TRUE,TRUE,"old"
"L1ME3B",TRUE,TRUE,TRUE,"old"
"L1ME3A",TRUE,TRUE,TRUE,"old"
"MIR3",TRUE,TRUE,TRUE,"old"
"LTR16A",TRUE,TRUE,TRUE,"old"
"L1MC5",TRUE,TRUE,TRUE,"old"
"MER58A",TRUE,TRUE,TRUE,"old"
"MLT1B",TRUE,TRUE,TRUE,"old"
"MamRep137",TRUE,TRUE,TRUE,"old"
"L1MB7",TRUE,TRUE,TRUE,"old"
"L1MC",TRUE,TRUE,TRUE,"old"
"MER20",TRUE,TRUE,TRUE,"old"
"Charlie2b",TRUE,TRUE,TRUE,"old"
"L1MB2",TRUE,TRUE,TRUE,"old"
"L1MD2",TRUE,TRUE,TRUE,"old"
"L1ME3D",TRUE,TRUE,FALSE,"old"
"MLT1A0",TRUE,TRUE,TRUE,"old"
"L1MC3",TRUE,TRUE,TRUE,"old"
"MER5B",TRUE,TRUE,TRUE,"old"
"AluSc",TRUE,TRUE,TRUE,"old"
"L1M6",TRUE,TRUE,TRUE,"old"
"L1MEd",TRUE,TRUE,TRUE,"old"
"LTR33A_",TRUE,TRUE,TRUE,"old"
"MER20B",TRUE,TRUE,TRUE,"old"
"BLACKJACK",TRUE,TRUE,TRUE,"old"
"L1MA7",TRUE,TRUE,TRUE,"old"
"L1ME2z",TRUE,TRUE,TRUE,"old"
"MER3",TRUE,TRUE,TRUE,"old"
"MLT1I",TRUE,TRUE,TRUE,"old"
"Charlie7",TRUE,TRUE,TRUE,"old"
"L1M1",TRUE,TRUE,TRUE,"old"
"L1MC2",TRUE,TRUE,TRUE,"old"
"L1MD1",TRUE,TRUE,TRUE,"old"
"L1ME2",TRUE,TRUE,TRUE,"old"
"L1PA13",TRUE,TRUE,TRUE,"old"
"L1PA15",TRUE,TRUE,TRUE,"old"
"MER67D",TRUE,FALSE,TRUE,"old"
"MLT1D",TRUE,TRUE,TRUE,"old"
"FLAM_A",TRUE,TRUE,TRUE,"old"
"L1MA5A",TRUE,TRUE,TRUE,"old"
"L1MB4",TRUE,TRUE,TRUE,"old"
"L1ME3E",TRUE,TRUE,FALSE,"old"
"L1ME3F",TRUE,TRUE,FALSE,"old"
"MER2",TRUE,TRUE,TRUE,"old"
"MER45A",TRUE,FALSE,TRUE,"old"
"MER65-int",TRUE,TRUE,TRUE,"old"
"MLT1L",TRUE,TRUE,TRUE,"old"
"THE1D",TRUE,TRUE,TRUE,"young"
"AluSp",TRUE,TRUE,TRUE,"old"
"HAL1b",TRUE,TRUE,TRUE,"old"
"L1M2",TRUE,TRUE,TRUE,"old"
"L1M3",TRUE,TRUE,TRUE,"old"
"L1MA10",TRUE,TRUE,TRUE,"old"
"L1MA2",TRUE,TRUE,TRUE,"old"
"L1MA3",TRUE,TRUE,TRUE,"old"
"L1MB8",TRUE,TRUE,TRUE,"old"
"LTR54",TRUE,TRUE,TRUE,"old"
"LTR85a",TRUE,TRUE,TRUE,"old"
"MER101-int",TRUE,TRUE,TRUE,"old"
"MER33",TRUE,TRUE,TRUE,"old"
"MER54B",TRUE,FALSE,FALSE,"old"
"MER58D",TRUE,FALSE,TRUE,"old"
"MLT1H1",TRUE,TRUE,TRUE,"old"
"MLT1J",TRUE,TRUE,TRUE,"old"
"MLT1K",TRUE,TRUE,TRUE,"old"
"THE1B",TRUE,TRUE,TRUE,"young"
"Tigger2a",TRUE,TRUE,TRUE,"old"
"Zaphod3",TRUE,TRUE,FALSE,"old"
"AluJr4",TRUE,TRUE,FALSE,"old"
"AluSq2",TRUE,TRUE,FALSE,"old"
"Charlie1a",TRUE,TRUE,TRUE,"old"
"Kanga2_a",TRUE,TRUE,TRUE,"old"
"L1M4c",TRUE,TRUE,TRUE,"old"
"L1MA8",TRUE,TRUE,TRUE,"old"
"L1MB5",TRUE,TRUE,TRUE,"old"
"L1P1",TRUE,TRUE,TRUE,"old"
"LTR16C",TRUE,FALSE,TRUE,"old"
"LTR55",TRUE,FALSE,TRUE,"old"
"MER102b",TRUE,FALSE,TRUE,"old"
"MER39",TRUE,TRUE,TRUE,"old"
"MER51A",TRUE,FALSE,TRUE,"young"
"MLT1C",TRUE,TRUE,TRUE,"old"
"MLT1F2",TRUE,TRUE,TRUE,"old"
"MLT2D",TRUE,TRUE,TRUE,"old"
"Plat_L3",TRUE,TRUE,FALSE,"old"
"Tigger16b",TRUE,TRUE,TRUE,"old"
"Tigger3a",TRUE,TRUE,TRUE,"old"
"AluSc8",TRUE,TRUE,FALSE,"old"
"AluSx4",TRUE,TRUE,FALSE,"old"
"CR1_Mam",TRUE,TRUE,TRUE,"old"
"Charlie13b",TRUE,TRUE,TRUE,"old"
"Charlie5",TRUE,TRUE,TRUE,"old"
"Charlie7a",TRUE,TRUE,TRUE,"old"
"ERV3-16A3_I-int",TRUE,TRUE,FALSE,"old"
"L1MA4A",TRUE,TRUE,TRUE,"old"
"L1MA5",TRUE,TRUE,TRUE,"old"
"L1MDa",TRUE,TRUE,TRUE,"old"
"L1ME3",TRUE,TRUE,TRUE,"old"
"L1P4a",TRUE,TRUE,TRUE,"old"
"L1PA7",TRUE,TRUE,TRUE,"old"
"L1PREC2",TRUE,TRUE,TRUE,"old"
"LTR34",TRUE,FALSE,FALSE,"old"
"LTR49-int",TRUE,TRUE,TRUE,"old"
"MER30",TRUE,TRUE,TRUE,"young"
"MER44A",TRUE,TRUE,TRUE,"old"
"MER47A",TRUE,TRUE,TRUE,"old"
"MER77",TRUE,FALSE,TRUE,"old"
"MER91A",TRUE,FALSE,TRUE,"old"
"MLT1E2",TRUE,TRUE,TRUE,"old"
"MLT1F",TRUE,TRUE,TRUE,"old"
"MLT1G1",TRUE,TRUE,TRUE,"old"
"MSTA",TRUE,TRUE,TRUE,"young"
"MSTB",TRUE,TRUE,TRUE,"young"
"MSTC",TRUE,TRUE,TRUE,"old"
"MamRep1527",TRUE,FALSE,FALSE,"old"
"MamRep488",TRUE,FALSE,FALSE,"old"
"X3_LINE",TRUE,TRUE,FALSE,"old"
"X6B_LINE",TRUE,TRUE,FALSE,"old"
"AluSg",TRUE,TRUE,TRUE,"old"
"AluSg4",TRUE,TRUE,FALSE,"old"
"AluYc",TRUE,TRUE,FALSE,"old"
"AmnSINE2",TRUE,FALSE,FALSE,"old"
"Charlie1",TRUE,TRUE,TRUE,"old"
"Charlie10a",TRUE,FALSE,FALSE,"old"
"Charlie15a",TRUE,TRUE,TRUE,"old"
"Charlie18a",TRUE,TRUE,TRUE,"old"
"Charlie19a",TRUE,FALSE,TRUE,"old"
"Charlie1b",TRUE,TRUE,TRUE,"old"
"Charlie23a",TRUE,TRUE,TRUE,"old"
"Charlie9",TRUE,FALSE,TRUE,"old"
"ERVL-B4-int",TRUE,TRUE,TRUE,"old"
"FLAM_C",TRUE,TRUE,TRUE,"old"
"FRAM",TRUE,TRUE,TRUE,"old"
"Kanga1b",TRUE,FALSE,FALSE,"old"
"Kanga1c",TRUE,TRUE,TRUE,"old"
"L1M",TRUE,FALSE,TRUE,"old"
"L1M3d",TRUE,TRUE,TRUE,"old"
"L1MB3",TRUE,TRUE,TRUE,"old"
"L1MCa",TRUE,TRUE,TRUE,"old"
"L1MCc",TRUE,TRUE,TRUE,"old"
"L1MD3",TRUE,TRUE,TRUE,"old"
"L1ME5",TRUE,TRUE,TRUE,"old"
"L1MEa",TRUE,TRUE,TRUE,"old"
"L1P3",TRUE,FALSE,TRUE,"old"
"L1P4e",TRUE,FALSE,FALSE,"old"
"L1PA17",TRUE,TRUE,TRUE,"old"
"L1PA3",TRUE,TRUE,TRUE,"old"
"L1PB1",TRUE,TRUE,TRUE,"old"
"L1PB3",TRUE,TRUE,TRUE,"old"
"L1PB4",TRUE,TRUE,TRUE,"old"
"LTR23",TRUE,TRUE,TRUE,"old"
"LTR37B",TRUE,TRUE,TRUE,"old"
"LTR82B",TRUE,TRUE,TRUE,"old"
"LTR8A",TRUE,TRUE,TRUE,"young"
"LTR90B",TRUE,TRUE,FALSE,"old"
"MER103C",TRUE,TRUE,FALSE,"old"
"MER106A",TRUE,FALSE,TRUE,"old"
"MER135",TRUE,TRUE,FALSE,"old"
"MER21C",TRUE,TRUE,TRUE,"old"
"MER31A",TRUE,FALSE,TRUE,"old"
"MER34",TRUE,TRUE,TRUE,"old"
"MER34B",TRUE,FALSE,FALSE,"old"
"MER34B-int",TRUE,TRUE,TRUE,"old"
"MER4-int",TRUE,TRUE,TRUE,"old"
"MER41-int",TRUE,TRUE,FALSE,"old"
"MER44B",TRUE,TRUE,TRUE,"old"
"MER53",TRUE,TRUE,TRUE,"old"
"MER58B",TRUE,TRUE,TRUE,"old"
"MER58C",TRUE,TRUE,TRUE,"old"
"MER5C1",TRUE,TRUE,TRUE,"old"
"MER63A",TRUE,TRUE,TRUE,"old"
"MER68",TRUE,TRUE,TRUE,"old"
"MER91C",TRUE,FALSE,FALSE,"old"
"MER94",TRUE,TRUE,TRUE,"old"
"MER99",TRUE,TRUE,TRUE,"old"
"MLT1A",TRUE,TRUE,TRUE,"old"
"MLT1A1",TRUE,TRUE,TRUE,"old"
"MLT1G3",TRUE,TRUE,TRUE,"old"
"MLT1H",TRUE,TRUE,TRUE,"old"
"MLT1H2",TRUE,FALSE,TRUE,"old"
"MLT1H2-int",TRUE,FALSE,FALSE,"old"
"MLT1N2",TRUE,TRUE,TRUE,"old"
"MLT2B2",TRUE,TRUE,TRUE,"old"
"MSTD",TRUE,TRUE,TRUE,"old"
"MamGypLTR1d",TRUE,TRUE,TRUE,"old"
"MamRep1894",TRUE,FALSE,TRUE,"old"
"MamRep38",TRUE,TRUE,TRUE,"old"
"THE1C",TRUE,TRUE,TRUE,"young"
"Tigger12c",TRUE,TRUE,TRUE,"old"
"Tigger13a",TRUE,TRUE,TRUE,"old"
"Tigger2b_Pri",TRUE,TRUE,TRUE,"old"
"Tigger3b",TRUE,TRUE,TRUE,"old"
"Tigger4b",TRUE,TRUE,TRUE,"old"
"Tigger6a",TRUE,TRUE,TRUE,"old"
"Tigger6b",TRUE,FALSE,FALSE,"old"
"X5A_LINE",TRUE,TRUE,FALSE,"old"
"X5B_LINE",TRUE,FALSE,FALSE,"old"
"FAM",FALSE,TRUE,TRUE,"old"
"LTR37A",FALSE,TRUE,TRUE,"old"
"L1PA16",FALSE,TRUE,TRUE,"old"
"LTR54B",FALSE,TRUE,TRUE,"old"
"MER34A",FALSE,TRUE,TRUE,"old"
"MER106B",FALSE,TRUE,TRUE,"old"
"Charlie10b",FALSE,TRUE,TRUE,"old"
"AluSq",FALSE,TRUE,TRUE,"old"
"Charlie21a",FALSE,TRUE,TRUE,"old"
"Tigger15a",FALSE,TRUE,TRUE,"old"
"L1P4",FALSE,TRUE,TRUE,"old"
"Tigger16a",FALSE,TRUE,TRUE,"old"
"L1M3a",FALSE,TRUE,FALSE,"old"
"L1PA4",FALSE,TRUE,TRUE,"old"
"MLT1E1A",FALSE,TRUE,TRUE,"old"
"Charlie4a",FALSE,TRUE,TRUE,"old"
"LOR1-int",FALSE,TRUE,TRUE,"old"
"Charlie4z",FALSE,TRUE,TRUE,"old"
"MER41B",FALSE,TRUE,TRUE,"old"
"MamRep1879",FALSE,TRUE,TRUE,"old"
"AluSc5",FALSE,TRUE,FALSE,"old"
"Tigger7",FALSE,TRUE,TRUE,"old"
"MER112",FALSE,TRUE,TRUE,"old"
"MER6C",FALSE,TRUE,FALSE,"old"
"Tigger4a",FALSE,TRUE,TRUE,"old"
"AmnSINE1",FALSE,TRUE,TRUE,"old"
"L1PA14",FALSE,TRUE,TRUE,"old"
"L1PA8A",FALSE,TRUE,TRUE,"old"
"MADE2",FALSE,TRUE,TRUE,"old"
"MER104",FALSE,TRUE,TRUE,"old"
"MER21A",FALSE,TRUE,TRUE,"old"
"MLT2B4",FALSE,TRUE,TRUE,"old"
"LTR89",FALSE,TRUE,TRUE,"old"
"Kanga1",FALSE,TRUE,TRUE,"old"
"LFSINE_Vert",FALSE,TRUE,TRUE,"old"
"MARNA",FALSE,TRUE,TRUE,"old"
"Tigger14a",FALSE,TRUE,TRUE,"old"
"AluSg7",FALSE,TRUE,FALSE,"old"
"AluYk11",FALSE,TRUE,FALSE,"young"
"Charlie2a",FALSE,TRUE,TRUE,"old"
"HSMAR2",FALSE,TRUE,TRUE,"old"
"L1MA1",FALSE,TRUE,TRUE,"old"
"L1PB",FALSE,TRUE,TRUE,"old"
"LTR81C",FALSE,TRUE,FALSE,"old"
"MER31B",FALSE,TRUE,TRUE,"old"
"MER57-int",FALSE,TRUE,TRUE,"old"
"MER67C",FALSE,TRUE,TRUE,"old"
"MER6B",FALSE,TRUE,TRUE,"old"
"MLT2B1",FALSE,TRUE,TRUE,"old"
"MLT2B3",FALSE,TRUE,TRUE,"old"
"Ricksha_c",FALSE,TRUE,FALSE,"old"
"Arthur1",FALSE,TRUE,TRUE,"old"
"Kanga11a",FALSE,TRUE,TRUE,"old"
"L1M3b",FALSE,TRUE,TRUE,"old"
"L1M3c",FALSE,TRUE,TRUE,"old"
"L1PA6",FALSE,TRUE,TRUE,"old"
"L1PB2",FALSE,TRUE,TRUE,"old"
"LTR49",FALSE,TRUE,TRUE,"old"
"LTR57-int",FALSE,TRUE,FALSE,"old"
"Looper",FALSE,TRUE,TRUE,"old"
"MER113",FALSE,TRUE,TRUE,"old"
"MER117",FALSE,TRUE,TRUE,"old"
"MER2B",FALSE,TRUE,TRUE,"old"
"MER4B-int",FALSE,TRUE,TRUE,"old"
"MER57B2",FALSE,TRUE,FALSE,"old"
"MER63C",FALSE,TRUE,TRUE,"old"
"Tigger8",FALSE,TRUE,TRUE,"old"
"Tigger9a",FALSE,TRUE,TRUE,"old"
"Zaphod",FALSE,TRUE,TRUE,"old"
"Charlie22a",FALSE,TRUE,TRUE,"old"
"Cheshire",FALSE,TRUE,TRUE,"old"
"ERVL-E-int",FALSE,TRUE,TRUE,"old"
"L1M3f",FALSE,TRUE,TRUE,"old"
"L1MEg2",FALSE,TRUE,TRUE,"old"
"L1PA11",FALSE,TRUE,TRUE,"old"
"LTR40a",FALSE,TRUE,TRUE,"old"
"MER57A-int",FALSE,TRUE,TRUE,"old"
"MER5C",FALSE,TRUE,TRUE,"old"
"MER77B",FALSE,TRUE,FALSE,"old"
"MLT1F1",FALSE,TRUE,TRUE,"old"
"MLT2A2",FALSE,TRUE,TRUE,"old"
"X7B_LINE",FALSE,TRUE,FALSE,"old"
"Charlie10",FALSE,TRUE,TRUE,"old"
"Charlie13a",FALSE,TRUE,TRUE,"old"
"Charlie16a",FALSE,TRUE,TRUE,"old"
"L1MDb",FALSE,TRUE,TRUE,"old"
"L1PA15-16",FALSE,TRUE,TRUE,"old"
"LTR79",FALSE,TRUE,TRUE,"old"
"LTR87",FALSE,TRUE,FALSE,"old"
"MER102a",FALSE,TRUE,TRUE,"old"
"MER119",FALSE,TRUE,TRUE,"old"
"MER21B",FALSE,TRUE,TRUE,"old"
"MER47C",FALSE,TRUE,TRUE,"old"
"MER57E1",FALSE,TRUE,FALSE,"old"
"MER63D",FALSE,TRUE,TRUE,"old"
"MLT1E3",FALSE,TRUE,TRUE,"old"
"MLT1J1",FALSE,TRUE,TRUE,"old"
"MLT1J1-int",FALSE,TRUE,TRUE,"old"
"MLT1J2",FALSE,TRUE,TRUE,"old"
"MLT1M",FALSE,TRUE,TRUE,"old"
"MamGypLTR3",FALSE,TRUE,TRUE,"old"
"ORSL-2a",FALSE,TRUE,TRUE,"old"
"Tigger3c",FALSE,TRUE,TRUE,"old"
"X6A_LINE",FALSE,TRUE,FALSE,"old"
"AluSq10",FALSE,TRUE,FALSE,"old"
"AluSq4",FALSE,TRUE,FALSE,"old"
"AluYa8",FALSE,TRUE,FALSE,"young"
"Arthur1B",FALSE,TRUE,TRUE,"old"
"Charlie14a",FALSE,TRUE,TRUE,"old"
"HERV35I-int",FALSE,TRUE,TRUE,"old"
"L1P4b",FALSE,TRUE,TRUE,"old"
"L5",FALSE,TRUE,TRUE,"old"
"LTR12F",FALSE,TRUE,TRUE,"young"
"LTR17",FALSE,TRUE,FALSE,"young"
"LTR2",FALSE,TRUE,TRUE,"young"
"LTR30",FALSE,TRUE,FALSE,"young"
"LTR33",FALSE,TRUE,TRUE,"old"
"LTR45C",FALSE,TRUE,FALSE,"old"
"LTR48",FALSE,TRUE,TRUE,"old"
"LTR67B",FALSE,TRUE,FALSE,"old"
"LTR78",FALSE,TRUE,TRUE,"old"
"LTR84b",FALSE,TRUE,TRUE,"old"
"MER102c",FALSE,TRUE,FALSE,"old"
"MER105",FALSE,TRUE,TRUE,"old"
"MER113A",FALSE,TRUE,TRUE,"old"
"MER121",FALSE,TRUE,TRUE,"old"
"MER1A",FALSE,TRUE,FALSE,"young"
"MER1B",FALSE,TRUE,TRUE,"young"
"MER41A",FALSE,TRUE,FALSE,"old"
"MER44C",FALSE,TRUE,TRUE,"old"
"MER4E1",FALSE,TRUE,TRUE,"old"
"MER50B",FALSE,TRUE,FALSE,"young"
"MER51B",FALSE,TRUE,FALSE,"young"
"MER54A",FALSE,TRUE,FALSE,"old"
"MER76",FALSE,TRUE,TRUE,"old"
"MLT1H-int",FALSE,TRUE,TRUE,"old"
"MSTB1",FALSE,TRUE,TRUE,"old"
"MamGypLTR2c",FALSE,TRUE,FALSE,"old"
"MamRep434",FALSE,TRUE,TRUE,"old"
"Mam_R4",FALSE,TRUE,FALSE,"old"
"ORSL-2b",FALSE,TRUE,FALSE,"old"
"Tigger11a",FALSE,TRUE,FALSE,"old"
"Tigger1a_Art",FALSE,TRUE,FALSE,"old"
"Tigger9b",FALSE,TRUE,TRUE,"old"
"UCON29",FALSE,TRUE,FALSE,"old"
"AluYa5",FALSE,TRUE,FALSE,"young"
"AluYk4",FALSE,TRUE,FALSE,"young"
"Charlie20a",FALSE,TRUE,TRUE,"old"
"Charlie24",FALSE,TRUE,TRUE,"old"
"Charlie25",FALSE,TRUE,TRUE,"old"
"Charlie8",FALSE,TRUE,TRUE,"old"
"DNA1_Mam",FALSE,TRUE,FALSE,"old"
"Eulor9A",FALSE,TRUE,FALSE,"old"
"HERVIP10FH-int",FALSE,TRUE,FALSE,"old"
"HERVL-int",FALSE,TRUE,TRUE,"old"
"Kanga1a",FALSE,TRUE,TRUE,"old"
"L1M2a",FALSE,TRUE,FALSE,"old"
"L1MEb",FALSE,TRUE,TRUE,"old"
"L1MEg1",FALSE,TRUE,TRUE,"old"
"L1PA12",FALSE,TRUE,TRUE,"old"
"L1PA2",FALSE,TRUE,TRUE,"old"
"L1PA5",FALSE,TRUE,TRUE,"old"
"LOR1b",FALSE,TRUE,FALSE,"old"
"LTR10E",FALSE,TRUE,FALSE,"young"
"LTR10F",FALSE,TRUE,FALSE,"young"
"LTR15",FALSE,TRUE,FALSE,"young"
"LTR16A1",FALSE,TRUE,TRUE,"old"
"LTR16E1",FALSE,TRUE,TRUE,"old"
"LTR25-int",FALSE,TRUE,TRUE,"young"
"LTR33A",FALSE,TRUE,TRUE,"old"
"LTR40b",FALSE,TRUE,TRUE,"old"
"LTR50",FALSE,TRUE,TRUE,"old"
"LTR51",FALSE,TRUE,TRUE,"old"
"LTR71A",FALSE,TRUE,FALSE,"young"
"LTR80B",FALSE,TRUE,TRUE,"old"
"LTR83",FALSE,TRUE,TRUE,"old"
"LTR84a",FALSE,TRUE,TRUE,"old"
"LTR85b",FALSE,TRUE,TRUE,"old"
"LTR86A2",FALSE,TRUE,FALSE,"old"
"LTR88b",FALSE,TRUE,TRUE,"old"
"MER107",FALSE,TRUE,TRUE,"young"
"MER110",FALSE,TRUE,TRUE,"old"
"MER110-int",FALSE,TRUE,TRUE,"old"
"MER34A1",FALSE,TRUE,TRUE,"old"
"MER41C",FALSE,TRUE,FALSE,"old"
"MER49",FALSE,TRUE,TRUE,"old"
"MER57B1",FALSE,TRUE,TRUE,"young"
"MER57C1",FALSE,TRUE,TRUE,"old"
"MER57F",FALSE,TRUE,TRUE,"old"
"MER61C",FALSE,TRUE,FALSE,"young"
"MER65A",FALSE,TRUE,TRUE,"old"
"MER65B",FALSE,TRUE,FALSE,"old"
"MER66A",FALSE,TRUE,FALSE,"young"
"MER66B",FALSE,TRUE,FALSE,"young"
"MER68B",FALSE,TRUE,FALSE,"old"
"MER96B",FALSE,TRUE,TRUE,"old"
"MERX",FALSE,TRUE,FALSE,"old"
"MLT1E1",FALSE,TRUE,FALSE,"old"
"MLT1F-int",FALSE,TRUE,FALSE,"old"
"MLT1G",FALSE,TRUE,TRUE,"old"
"MLT1G1-int",FALSE,TRUE,TRUE,"old"
"MLT1I-int",FALSE,TRUE,FALSE,"old"
"MLT2C1",FALSE,TRUE,TRUE,"old"
"MLT2C2",FALSE,TRUE,TRUE,"old"
"MLT2F",FALSE,TRUE,TRUE,"old"
"MamGypLTR1b",FALSE,TRUE,TRUE,"old"
"MamGypLTR2b",FALSE,TRUE,FALSE,"old"
"MamRep4096",FALSE,TRUE,TRUE,"old"
"ORSL",FALSE,TRUE,TRUE,"old"
"Tigger10",FALSE,TRUE,TRUE,"old"
"Tigger12",FALSE,TRUE,TRUE,"old"
"Tigger2",FALSE,TRUE,TRUE,"old"
"Tigger4",FALSE,TRUE,TRUE,"old"
"X7A_LINE",FALSE,TRUE,FALSE,"old"
"X7C_LINE",FALSE,TRUE,FALSE,"old"
"Zaphod2",FALSE,TRUE,TRUE,"old"
"Tigger3",FALSE,FALSE,TRUE,"old"
"MER65D",FALSE,FALSE,TRUE,"old"
"MER34C_",FALSE,FALSE,TRUE,"old"
"MamRep1161",FALSE,FALSE,TRUE,"old"
"LTR66",FALSE,FALSE,TRUE,"young"
"LTR16B1",FALSE,FALSE,TRUE,"old"
"LTR33B",FALSE,FALSE,TRUE,"old"
"LTR1B",FALSE,FALSE,TRUE,"young"
"MER74A",FALSE,FALSE,TRUE,"old"
"MER70A",FALSE,FALSE,TRUE,"old"
"THE1B-int",FALSE,FALSE,TRUE,"old"
"MER6A",FALSE,FALSE,TRUE,"old"
"MER57A1",FALSE,FALSE,TRUE,"young"
"Tigger5",FALSE,FALSE,TRUE,"old"
"MER67A",FALSE,FALSE,TRUE,"old"
"MER89",FALSE,FALSE,TRUE,"old"
"MER89-int",FALSE,FALSE,TRUE,"old"
"MER4D1",FALSE,FALSE,TRUE,"old"
"MER96",FALSE,FALSE,TRUE,"old"
"MLT2A1",FALSE,FALSE,TRUE,"old"
"MER8",FALSE,FALSE,TRUE,"old"
"THE1A",FALSE,FALSE,TRUE,"young"
"MER82",FALSE,FALSE,TRUE,"old"
"LTR68",FALSE,FALSE,TRUE,"old"
"MSTA-int",FALSE,FALSE,TRUE,"old"
"THE1-int",FALSE,FALSE,TRUE,"young"
"LTR12E",FALSE,FALSE,TRUE,"young"
"MamGyp-int",FALSE,FALSE,TRUE,"old"
"MER45C",FALSE,FALSE,TRUE,"old"
"LTR16B",FALSE,FALSE,TRUE,"old"
"MER61-int",FALSE,FALSE,TRUE,"young"
"MLT2B5",FALSE,FALSE,TRUE,"old"
"Arthur1C",FALSE,FALSE,TRUE,"old"
"LTR36",FALSE,FALSE,TRUE,"old"
"LTR86B2",FALSE,FALSE,TRUE,"old"
"MER61B",FALSE,FALSE,TRUE,"young"
"MER81",FALSE,FALSE,TRUE,"old"
"MER97c",FALSE,FALSE,TRUE,"old"
"MLT1H1-int",FALSE,FALSE,TRUE,"old"
"MSTB2",FALSE,FALSE,TRUE,"old"
"MER70-int",FALSE,FALSE,TRUE,"old"
"MLT-int",FALSE,FALSE,TRUE,"old"
"LTR16B2",FALSE,FALSE,TRUE,"old"
"MER115",FALSE,FALSE,TRUE,"old"
"MER61D",FALSE,FALSE,TRUE,"young"
"MSTB-int",FALSE,FALSE,TRUE,"old"
"Arthur1A",FALSE,FALSE,TRUE,"old"
"Charlie4",FALSE,FALSE,TRUE,"old"
"LTR33C",FALSE,FALSE,TRUE,"old"
"MER31-int",FALSE,FALSE,TRUE,"old"
"MER44D",FALSE,FALSE,TRUE,"old"
"MER6",FALSE,FALSE,TRUE,"old"
"HSMAR1",FALSE,FALSE,TRUE,"young"
"L1M2c",FALSE,FALSE,TRUE,"old"
"L1M3de",FALSE,FALSE,TRUE,"old"
"MER52A",FALSE,FALSE,TRUE,"old"
"MER63B",FALSE,FALSE,TRUE,"old"
"MER65C",FALSE,FALSE,TRUE,"old"
"MER85",FALSE,FALSE,TRUE,"young"
"MLT1J-int",FALSE,FALSE,TRUE,"old"
"Charlie17a",FALSE,FALSE,TRUE,"old"
"ERVL-int",FALSE,FALSE,TRUE,"old"
"HAL1-3A_ME",FALSE,FALSE,TRUE,"old"
"L1P",FALSE,FALSE,TRUE,"old"
"LTR22C",FALSE,FALSE,TRUE,"young"
"LTR26",FALSE,FALSE,TRUE,"old"
"LTR39",FALSE,FALSE,TRUE,"young"
"LTR41",FALSE,FALSE,TRUE,"old"
"LTR8",FALSE,FALSE,TRUE,"young"
"LTR81B",FALSE,FALSE,TRUE,"old"
"LTR86C",FALSE,FALSE,TRUE,"old"
"LTR90A",FALSE,FALSE,TRUE,"old"
"MER39B",FALSE,FALSE,TRUE,"old"
"MER75",FALSE,FALSE,TRUE,"young"
"MLT1E",FALSE,FALSE,TRUE,"old"
"Charlie6",FALSE,FALSE,TRUE,"old"
"HERVL40-int",FALSE,FALSE,TRUE,"old"
"L1M3e",FALSE,FALSE,TRUE,"old"
"L1P2",FALSE,FALSE,TRUE,"old"
"L1PBb",FALSE,FALSE,TRUE,"old"
"LTR23-int",FALSE,FALSE,TRUE,"old"
"LTR4",FALSE,FALSE,TRUE,"young"
"LTR40c",FALSE,FALSE,TRUE,"old"
"LTR52",FALSE,FALSE,TRUE,"old"
"LTR76",FALSE,FALSE,TRUE,"old"
"LTR80A",FALSE,FALSE,TRUE,"old"
"LTR85c",FALSE,FALSE,TRUE,"old"
"LTR88c",FALSE,FALSE,TRUE,"old"
"LTR9",FALSE,FALSE,TRUE,"young"
"MER45B",FALSE,FALSE,TRUE,"old"
"MER50",FALSE,FALSE,TRUE,"young"
"MER57C2",FALSE,FALSE,TRUE,"old"
"MER57D",FALSE,FALSE,TRUE,"old"
"MER72",FALSE,FALSE,TRUE,"young"
"MLT2E",FALSE,FALSE,TRUE,"old"
"THE1D-int",FALSE,FALSE,TRUE,"young"
"FordPrefect",FALSE,FALSE,TRUE,"old"
"HERV16-int",FALSE,FALSE,TRUE,"old"
"L1P5",FALSE,FALSE,TRUE,"old"
"LTR10C",FALSE,FALSE,TRUE,"young"
"LTR16D2",FALSE,FALSE,TRUE,"old"
"LTR16E2",FALSE,FALSE,TRUE,"old"
"LTR19A",FALSE,FALSE,TRUE,"young"
"LTR46",FALSE,FALSE,TRUE,"old"
"LTR47A",FALSE,FALSE,TRUE,"old"
"LTR56",FALSE,FALSE,TRUE,"old"
"LTR77",FALSE,FALSE,TRUE,"old"
"LTR82A",FALSE,FALSE,TRUE,"old"
"MER34-int",FALSE,FALSE,TRUE,"old"
"MER45R",FALSE,FALSE,TRUE,"old"
"MER47B",FALSE,FALSE,TRUE,"old"
"MER4A",FALSE,FALSE,TRUE,"old"
"MER51-int",FALSE,FALSE,TRUE,"young"
"MER51C",FALSE,FALSE,TRUE,"young"
"MER67B",FALSE,FALSE,TRUE,"old"
"MER68-int",FALSE,FALSE,TRUE,"old"
"MER73",FALSE,FALSE,TRUE,"old"
"MER90",FALSE,FALSE,TRUE,"old"
"MER91B",FALSE,FALSE,TRUE,"old"
"MER95",FALSE,FALSE,TRUE,"old"
"MER97a",FALSE,FALSE,TRUE,"old"
"MLT1A0-int",FALSE,FALSE,TRUE,"old"
"MLT1D-int",FALSE,FALSE,TRUE,"old"
"MamGypLTR1c",FALSE,FALSE,TRUE,"old"
"PABL_B",FALSE,FALSE,TRUE,"old"
"SVA_A",FALSE,FALSE,TRUE,"young"
"Tigger12A",FALSE,FALSE,TRUE,"old"
