species,MOTIF_SOURCE,MOTIF_ID,ALT_ID,CONSENSUS,WIDTH,SITES,E.VALUE,E.VALUE_SOURCE,MOST_SIMILAR_MOTIF_SOURCE,MOST_SIMILAR_MOTIF,URL
human,db/motif_databases/JASPAR/JASPAR2022_CORE_vertebrates_non-redundant_v2.meme,MA1710.1,ZNF257,VDGAGGCRAGRG,12,134,1.7e-32,CENTRIMO, , ,http://jaspar2022.genereg.net/matrix/MA1710.1
human,MEME,AAAAAHAAAAAAAAA,MEME-1,AAAAAHAAAAAAAAA,15,89,1.5e-29,MEME,db/motif_databases/JASPAR/JASPAR2022_CORE_vertebrates_non-redundant_v2.meme,MA1125.1 (ZNF384),http://jaspar2022.genereg.net/matrix/MA1125.1
human,db/motif_databases/JASPAR/JASPAR2022_CORE_vertebrates_non-redundant_v2.meme,MA1596.1,ZNF460,GCCTCMGCCTCCCRAG,16,59,7.4e-22,CENTRIMO, , ,http://jaspar2022.genereg.net/matrix/MA1596.1
human,MEME,CTACTYGGGAGGCTG,MEME-3,CTACTYGGGAGGCTG,15,10,1.3e-21,MEME,db/motif_databases/JASPAR/JASPAR2022_CORE_vertebrates_non-redundant_v2.meme,MA1596.1 (ZNF460),http://jaspar2022.genereg.net/matrix/MA1596.1
human,db/motif_databases/JASPAR/JASPAR2022_CORE_vertebrates_non-redundant_v2.meme,MA1589.1,ZNF140,TAGGAGYGGAATTGCTGGGTC,21,58,7.1e-20,CENTRIMO, , ,http://jaspar2022.genereg.net/matrix/MA1589.1
human,db/motif_databases/EUKARYOTE/jolma2013.meme,ZNF524_full_1, ,ACCCTYGAACCC,12,62,1.5e-17,CENTRIMO, , ,http://floresta.eead.csic.es/footprintdb/index.php?db=HumanTF:1.0&motif=ZNF524_full_1
human,db/motif_databases/JASPAR/JASPAR2022_CORE_vertebrates_non-redundant_v2.meme,MA1714.1,ZNF675,RGGVHYMGGAGGMCAAAATGD,21,155,8.1e-17,CENTRIMO, , ,http://jaspar2022.genereg.net/matrix/MA1714.1
human,db/motif_databases/JASPAR/JASPAR2022_CORE_vertebrates_non-redundant_v2.meme,MA1973.1,ZKSCAN3,KDKCCCAGGCTAGCCCABNN,20,84,3.7e-16,CENTRIMO, , ,http://jaspar2022.genereg.net/matrix/MA1973.1
human,db/motif_databases/JASPAR/JASPAR2022_CORE_vertebrates_non-redundant_v2.meme,MA1727.1,ZNF417,VRBVNTGGGCGCCAM,15,64,1.3e-11,CENTRIMO, , ,http://jaspar2022.genereg.net/matrix/MA1727.1
human,db/motif_databases/JASPAR/JASPAR2022_CORE_vertebrates_non-redundant_v2.meme,MA1652.1,ZKSCAN5,NNRGGARGTGAGRR,14,151,1.3e-11,CENTRIMO, , ,http://jaspar2022.genereg.net/matrix/MA1652.1
human,db/motif_databases/JASPAR/JASPAR2022_CORE_vertebrates_non-redundant_v2.meme,MA1630.2,ZNF281,GGGGGAGGGGVV,12,61,2e-11,CENTRIMO, , ,http://jaspar2022.genereg.net/matrix/MA1630.2
human,db/motif_databases/JASPAR/JASPAR2022_CORE_vertebrates_non-redundant_v2.meme,MA1719.1,ZNF816,DRRKGGGGACATGCHGGG,18,78,2.2e-10,CENTRIMO, , ,http://jaspar2022.genereg.net/matrix/MA1719.1
human,db/motif_databases/JASPAR/JASPAR2022_CORE_vertebrates_non-redundant_v2.meme,MA1979.1,ZNF416,TATCTGGGCAH,11,161,6.3e-10,CENTRIMO, , ,http://jaspar2022.genereg.net/matrix/MA1979.1
human,db/motif_databases/JASPAR/JASPAR2022_CORE_vertebrates_non-redundant_v2.meme,MA1588.1,ZNF136,RWATTCTTGGTTGRC,15,118,3.2e-09,CENTRIMO, , ,http://jaspar2022.genereg.net/matrix/MA1588.1
human,db/motif_databases/JASPAR/JASPAR2022_CORE_vertebrates_non-redundant_v2.meme,MA1976.1,ZNF320,DGKGGGRCCMRGGGGCCWGTGHVNNNN,27,65,3.3e-09,CENTRIMO, , ,http://jaspar2022.genereg.net/matrix/MA1976.1
human,db/motif_databases/JASPAR/JASPAR2022_CORE_vertebrates_non-redundant_v2.meme,MA0130.1,ZNF354C,MTCCAC,6,172,4.9e-09,CENTRIMO, , ,http://jaspar2022.genereg.net/matrix/MA0130.1
human,db/motif_databases/JASPAR/JASPAR2022_CORE_vertebrates_non-redundant_v2.meme,MA1721.1,ZNF93,GGYAGCRGCAGCGGYG,16,67,1.3e-08,CENTRIMO, , ,http://jaspar2022.genereg.net/matrix/MA1721.1
human,db/motif_databases/EUKARYOTE/jolma2013.meme,ZNF524_full_2, ,CTCGAACCCKTGHC,14,85,2.9e-08,CENTRIMO, , ,http://floresta.eead.csic.es/footprintdb/index.php?db=HumanTF:1.0&motif=ZNF524_full_2
human,db/motif_databases/JASPAR/JASPAR2022_CORE_vertebrates_non-redundant_v2.meme,MA1587.1,ZNF135,CCTCGACCTCCYRR,14,78,1.1e-06,CENTRIMO, , ,http://jaspar2022.genereg.net/matrix/MA1587.1
human,db/motif_databases/JASPAR/JASPAR2022_CORE_vertebrates_non-redundant_v2.meme,MA1600.1,ZNF684,RYACAGTCCACCCCTTKR,18,59,1.2e-06,CENTRIMO, , ,http://jaspar2022.genereg.net/matrix/MA1600.1
human,db/motif_databases/JASPAR/JASPAR2022_CORE_vertebrates_non-redundant_v2.meme,MA1723.1,PRDM9,RGDGGGVAGGGRGGVRRMARVARR,24,102,1.3e-06,CENTRIMO, , ,http://jaspar2022.genereg.net/matrix/MA1723.1
human,db/motif_databases/JASPAR/JASPAR2022_CORE_vertebrates_non-redundant_v2.meme,MA1655.1,ZNF341,NRGAACAGCCNN,12,175,6.1e-06,CENTRIMO, , ,http://jaspar2022.genereg.net/matrix/MA1655.1
human,db/motif_databases/JASPAR/JASPAR2022_CORE_vertebrates_non-redundant_v2.meme,MA1982.1,ZNF574,VGSCTAGAGMGGCCS,15,71,9.9e-06,CENTRIMO, , ,http://jaspar2022.genereg.net/matrix/MA1982.1
human,db/motif_databases/JASPAR/JASPAR2022_CORE_vertebrates_non-redundant_v2.meme,MA1986.1,ZNF692,BGGGCCCASN,10,75,3.1e-05,CENTRIMO, , ,http://jaspar2022.genereg.net/matrix/MA1986.1
human,db/motif_databases/JASPAR/JASPAR2022_CORE_vertebrates_non-redundant_v2.meme,MA1731.1,ZNF768,YBVCYBRSCCTCTCTGDG,18,150,4.1e-05,CENTRIMO, , ,http://jaspar2022.genereg.net/matrix/MA1731.1
human,db/motif_databases/EUKARYOTE/jolma2013.meme,ZNF238_DBD, ,MWTCCAGATGTKB,13,71,7.1e-05,CENTRIMO, , ,http://floresta.eead.csic.es/footprintdb/index.php?db=HumanTF:1.0&motif=ZNF238_DBD
human,db/motif_databases/JASPAR/JASPAR2022_CORE_vertebrates_non-redundant_v2.meme,MA1656.1,ZNF449,NNAAGCCCAACCNN,14,119,0.00071,CENTRIMO, , ,http://jaspar2022.genereg.net/matrix/MA1656.1
human,db/motif_databases/JASPAR/JASPAR2022_CORE_vertebrates_non-redundant_v2.meme,MA1980.1,ZNF418,MDGAGGCTAAAAGCA,15,110,0.00072,CENTRIMO, , ,http://jaspar2022.genereg.net/matrix/MA1980.1
human,db/motif_databases/EUKARYOTE/jolma2013.meme,ZNF238_full, ,NATCCAGATGTKB,13,79,0.0015,CENTRIMO, , ,http://floresta.eead.csic.es/footprintdb/index.php?db=HumanTF:1.0&motif=ZNF238_full
human,db/motif_databases/JASPAR/JASPAR2022_CORE_vertebrates_non-redundant_v2.meme,MA1728.1,ZNF549,NNTGCTGCCCWR,12,152,0.0025,CENTRIMO, , ,http://jaspar2022.genereg.net/matrix/MA1728.1
human,db/motif_databases/JASPAR/JASPAR2022_CORE_vertebrates_non-redundant_v2.meme,MA0528.2,ZNF263,VNGGGGAGGASG,12,153,0.0095,CENTRIMO, , ,http://jaspar2022.genereg.net/matrix/MA0528.2
human,db/motif_databases/EUKARYOTE/jolma2013.meme,ZNF306_full, ,TGGKCTARCCTCGA,14,15,0.01,CENTRIMO, , ,http://floresta.eead.csic.es/footprintdb/index.php?db=HumanTF:1.0&motif=ZNF306_full
human,db/motif_databases/JASPAR/JASPAR2022_CORE_vertebrates_non-redundant_v2.meme,MA1726.1,ZNF331,NMYTGCAGAGCCCH,14,113,0.012,CENTRIMO, , ,http://jaspar2022.genereg.net/matrix/MA1726.1
human,db/motif_databases/JASPAR/JASPAR2022_CORE_vertebrates_non-redundant_v2.meme,MA1987.1,ZNF701,GAGCACYAARGGGGGRADDDD,21,123,0.017,CENTRIMO, , ,http://jaspar2022.genereg.net/matrix/MA1987.1
human,db/motif_databases/JASPAR/JASPAR2022_CORE_vertebrates_non-redundant_v2.meme,MA1716.1,ZNF76,NNTWCCCAYAATGCAHYGCGC,21,69,0.03,CENTRIMO, , ,http://jaspar2022.genereg.net/matrix/MA1716.1
human,db/motif_databases/JASPAR/JASPAR2022_CORE_vertebrates_non-redundant_v2.meme,MA1984.1,ZNF667,TTAAGAGCTCAV,12,168,0.049,CENTRIMO, , ,http://jaspar2022.genereg.net/matrix/MA1984.1
chimp,STREME,1-CCAGCCTGGSCAAC,STREME-1,CCAGCCTGGSCAAC,14,160,6.3e-05,STREME,db/motif_databases/JASPAR/JASPAR2022_CORE_vertebrates_non-redundant_v2.meme,MA1973.1 (ZKSCAN3),http://jaspar2022.genereg.net/matrix/MA1973.1
chimp,STREME,3-GGGATTACAG,STREME-3,GGGATTACAG,10,150,0.00053,STREME,db/motif_databases/JASPAR/JASPAR2022_CORE_vertebrates_non-redundant_v2.meme,MA1720.1 (ZNF85),http://jaspar2022.genereg.net/matrix/MA1720.1
orangutan,STREME,1-CCTGGGYAACAVAG,STREME-1,CCTGGGYAACAVAG,14,407,1.1e-09,STREME,db/motif_databases/JASPAR/JASPAR2022_CORE_vertebrates_non-redundant_v2.meme,MA1728.1 (ZNF549),http://jaspar2022.genereg.net/matrix/MA1728.1
orangutan,db/motif_databases/EUKARYOTE/jolma2013.meme,ZNF238_full, ,NATCCAGATGTKB,13,476,6.1e-07,CENTRIMO, , ,http://floresta.eead.csic.es/footprintdb/index.php?db=HumanTF:1.0&motif=ZNF238_full
orangutan,db/motif_databases/JASPAR/JASPAR2022_CORE_vertebrates_non-redundant_v2.meme,MA1596.1,ZNF460,GCCTCMGCCTCCCRAG,16,253,2.2e-06,CENTRIMO, , ,http://jaspar2022.genereg.net/matrix/MA1596.1
orangutan,db/motif_databases/EUKARYOTE/jolma2013.meme,ZNF784_full, ,GTACCTACCT,10,236,2.6e-05,CENTRIMO, , ,http://floresta.eead.csic.es/footprintdb/index.php?db=HumanTF:1.0&motif=ZNF784_full
orangutan,db/motif_databases/JASPAR/JASPAR2022_CORE_vertebrates_non-redundant_v2.meme,MA1587.1,ZNF135,CCTCGACCTCCYRR,14,304,0.00016,CENTRIMO, , ,http://jaspar2022.genereg.net/matrix/MA1587.1
orangutan,db/motif_databases/JASPAR/JASPAR2022_CORE_vertebrates_non-redundant_v2.meme,MA1728.1,ZNF549,NNTGCTGCCCWR,12,649,0.0028,CENTRIMO, , ,http://jaspar2022.genereg.net/matrix/MA1728.1
orangutan,STREME,19-AGGCTGAGGCRG,STREME-19,19-AGGCTGAGGCRG,12,179,0.004,STREME,db/motif_databases/JASPAR/JASPAR2022_CORE_vertebrates_non-redundant_v2.meme,MA1596.1 (ZNF460),http://jaspar2022.genereg.net/matrix/MA1596.1
orangutan,db/motif_databases/JASPAR/JASPAR2022_CORE_vertebrates_non-redundant_v2.meme,MA1599.1,ZNF682,BVGGCYAAGCCCCWNY,16,403,0.01,CENTRIMO, , ,http://jaspar2022.genereg.net/matrix/MA1599.1
orangutan,db/motif_databases/JASPAR/JASPAR2022_CORE_vertebrates_non-redundant_v2.meme,MA1982.1,ZNF574,VGSCTAGAGMGGCCS,15,340,0.011,CENTRIMO, , ,http://jaspar2022.genereg.net/matrix/MA1982.1
orangutan,db/motif_databases/JASPAR/JASPAR2022_CORE_vertebrates_non-redundant_v2.meme,MA1600.1,ZNF684,RYACAGTCCACCCCTTKR,18,143,0.033,CENTRIMO, , ,http://jaspar2022.genereg.net/matrix/MA1600.1
orangutan,db/motif_databases/JASPAR/JASPAR2022_CORE_vertebrates_non-redundant_v2.meme,MA1986.1,ZNF692,BGGGCCCASN,10,341,0.046,CENTRIMO, , ,http://jaspar2022.genereg.net/matrix/MA1986.1